RES,IND,TRA,AGR,ENE
0.800998552,0.119783775,1.370261695,0.752336349,0.336031052
0.017743801,0.523418918,0.600338556,0.476919475,1.439263678
1.005594519,1.362299672,1.147695457,1.144138251,1.135135659
1.489352154,0.889862099,0.530681352,0.00144625,0.657880674
0.340401178,1.107743224,0.265785744,1.457796599,0.181091029
